EC_Common.madd_mod(1)	KEPT
EC_Common.mpow_mod(1)	KEPT
EC_Common.madd_mod_mod(1)	KEPT
EC_Common.msub_mod_mod(1)	KEPT
EC_Common.mmult_mod_mod(1)	KEPT
EC_Common.ring.diff_same(1)	KEPT
EC_Common.mpdouble_nz_def(1)	KEPT
EC_Common.cring.power2_sum(1)	cascade/infra_theory	Algebra_Aux.of_integer
EC_Common.field.div_cancel(1)	cascade/infra_theory	Algebra_Aux.m_div
EC_Common.INTEG.P.diff_same(1)	KEPT
EC_Common.INTEG.R.diff_same(1)	KEPT
EC_Common.cring.power2_diff(1)	cascade/infra_theory	Algebra_Aux.of_integer
EC_Common.msub_same_eq_zero(1)	KEPT
EC_Common.ring.zero_pow_nat(1)	KEPT
EC_Common.INTEG.P.power2_sum(1)	cascade/infra_theory	Algebra_Aux.of_integer
EC_Common.INTEG.R.power2_sum(1)	cascade/infra_theory	Algebra_Aux.of_integer
EC_Common.cring.on_curvep_nz(1)	cascade/class_variant	Elliptic_Locale.cring.on_curvep
EC_Common.cring.r_distr_diff(1)	KEPT
EC_Common.field.l_diff_distr(1)	KEPT
EC_Common.INTEG.P.power2_diff(1)	cascade/infra_theory	Algebra_Aux.of_integer
EC_Common.INTEG.R.power2_diff(1)	cascade/infra_theory	Algebra_Aux.of_integer
EC_Common.ell_prime_field_def(1)	KEPT
EC_Common.field.inv_pow_distr(1)	KEPT
EC_Common.ring.power3_eq_cube(1)	KEPT
EC_Common.INTEG.P.on_curvep_nz(1)	cascade/class_variant	Elliptic_Locale.cring.on_curvep
EC_Common.INTEG.P.r_distr_diff(1)	KEPT
EC_Common.INTEG.P.zero_pow_nat(1)	KEPT
EC_Common.INTEG.R.on_curvep_nz(1)	cascade/class_variant	Elliptic_Locale.cring.on_curvep
EC_Common.INTEG.R.r_distr_diff(1)	KEPT
EC_Common.INTEG.R.zero_pow_nat(1)	KEPT
EC_Common.comm_group.m_one_iff(1)	KEPT
EC_Common.field.of_integer_int(1)	cascade/infra_theory	Algebra_Aux.of_integer
EC_Common.residues.res_diff_eq(1)	KEPT
EC_Common.INTEG.P.add.m_one_iff(1)	KEPT
EC_Common.INTEG.R.add.m_one_iff(1)	KEPT
EC_Common.cring_class.diff_same(1)	cascade/infra_theory	Algebra_Aux.cring_class_ops
EC_Common.ell_prime_field.intro(1)	KEPT
EC_Common.ell_prime_field.odd_p(1)	KEPT
EC_Common.INTEG.P.power3_eq_cube(1)	KEPT
EC_Common.INTEG.R.power3_eq_cube(1)	KEPT
EC_Common.cring_class.power2_sum(1)	cascade/infra_theory	Algebra_Aux.cring_class_ops
EC_Common.ell_prime_field.axioms(1)	KEPT
EC_Common.ell_prime_field.axioms(2)	KEPT
EC_Common.field.divide_mult_comm(1)	cascade/infra_theory	Algebra_Aux.m_div
EC_Common.field.l_diff_div_distr(1)	cascade/infra_theory	Algebra_Aux.m_div
EC_Common.field_class.div_cancel(1)	cascade/infra_theory	Algebra_Aux.cring_class_ops
EC_Common.cring_class.power2_diff(1)	cascade/infra_theory	Algebra_Aux.cring_class_ops
EC_Common.ell_prime_field.order_n(1)	KEPT
EC_Common.mpdouble_eq_mpdouble_nz(1)	KEPT
EC_Common.cring_class.on_curvep_nz(1)	cascade/class_variant	Elliptic_Locale.cring.on_curvep
EC_Common.cring_class.r_distr_diff(1)	cascade/infra_theory	Algebra_Aux.cring_class_ops
EC_Common.cring_class.zero_pow_nat(1)	KEPT
EC_Common.ell_prime_field.order_n'(1)	KEPT
EC_Common.field.inv_Suc_pow_cancel(1)	KEPT
EC_Common.field.of_integer_numeral(1)	cascade/infra_theory	Algebra_Aux.of_integer
EC_Common.field.of_natural_nat_pow(1)	cascade/infra_theory	Algebra_Aux.of_natural
EC_Common.field_class.l_diff_distr(1)	cascade/infra_theory	Algebra_Aux.cring_class_ops
EC_Common.ring.add_eq_iff_eq_minus(1)	KEPT
EC_Common.cring_class.add.m_one_iff(1)	cascade/infra_theory	Algebra_Aux.cring_class_ops
EC_Common.ell_prime_field.add_curve(1)	KEPT
EC_Common.ell_prime_field.curve_def(1)	KEPT
EC_Common.ell_prime_field.inv_curve(1)	KEPT
EC_Common.ell_prime_field.multQmodn(1)	KEPT
EC_Common.ell_prime_field.one_curve(1)	KEPT
EC_Common.field_class.inv_pow_distr(1)	cascade/infra_theory	Algebra_Aux.cring_class_ops
EC_Common.cring_class.power3_eq_cube(1)	cascade/infra_theory	Algebra_Aux.cring_class_ops
EC_Common.ell_prime_field.curve.cong(1)	KEPT
EC_Common.ell_prime_field.multQmodn'(1)	KEPT
EC_Common.ell_prime_field.nat_int_eq(1)	KEPT
EC_Common.ell_prime_field.nat_int_le(1)	KEPT
EC_Common.ell_prime_field_axioms_def(1)	KEPT
EC_Common.field_class.of_integer_int(1)	KEPT
EC_Common.residues_prime.res_inv_one(1)	KEPT
EC_Common.INTEG.P.add_eq_iff_eq_minus(1)	KEPT
EC_Common.INTEG.R.add_eq_iff_eq_minus(1)	KEPT
EC_Common.ell_prime_field.curve_simps(1)	KEPT
EC_Common.ell_prime_field.curve_simps(2)	KEPT
EC_Common.ell_prime_field.curve_simps(3)	KEPT
EC_Common.field.eq_mult_iff_divide_eq(1)	cascade/infra_theory	Algebra_Aux.m_div
EC_Common.field.mult_eq_iff_eq_divide(1)	cascade/infra_theory	Algebra_Aux.m_div
EC_Common.field.on_curvep_nz_identity(1)	cascade/class_variant	Elliptic_Locale.cring.on_curvep
EC_Common.residues_prime.res_inv_mult(1)	KEPT
EC_Common.residues_prime.res_mult_div(1)	cascade/infra_theory	Algebra_Aux.m_div
EC_Common.ell_field.xz_coord_padd_simp(1)	cascade/class_variant	Elliptic_Locale.cring.on_curvep
EC_Common.ell_prime_field.Point_ne_one(1)	KEPT
EC_Common.ell_prime_field.Point_ne_one(2)	KEPT
EC_Common.ell_prime_field.curve_ord_n1(1)	KEPT
EC_Common.ell_prime_field.curve_ord_n2(1)	KEPT
EC_Common.ell_prime_field.curve_ord_n3(1)	KEPT
EC_Common.ell_prime_field.curve_ord_n4(1)	KEPT
EC_Common.ell_prime_field.curve_ord_n5(1)	KEPT
EC_Common.ell_prime_field.curve_ord_n6(1)	KEPT
EC_Common.ell_prime_field.curve_ord_n7(1)	KEPT
EC_Common.ell_prime_field.finite_curve(1)	KEPT
EC_Common.ell_prime_field.nat_int_less(1)	KEPT
EC_Common.ell_prime_field.non_singular(1)	KEPT
EC_Common.ell_prime_field.xy_to_pnt_eq(1)	KEPT
EC_Common.ell_prime_field_axioms.intro(1)	KEPT
EC_Common.field_class.divide_mult_comm(1)	cascade/infra_theory	Algebra_Aux.cring_class_ops
EC_Common.field_class.l_diff_div_distr(1)	cascade/infra_theory	Algebra_Aux.cring_class_ops
EC_Common.residues_prime_gt2.add_eq_h1(1)	cascade/infra_theory	Algebra_Aux.m_div
EC_Common.residues_prime_gt2.add_eq_h2(1)	KEPT
EC_Common.residues_prime_gt2.get_x_def(1)	KEPT
EC_Common.residues_prime_gt2.get_y_def(1)	KEPT
EC_Common.ell_prime_field.AB_in_carrier(1)	KEPT
EC_Common.ell_prime_field.AB_in_carrier(2)	KEPT
EC_Common.ell_prime_field.multQmodn'int(1)	KEPT
EC_Common.ell_prime_field.order_n_cycle(1)	KEPT
EC_Common.ell_prime_field.xy_to_pnt_def(1)	KEPT
EC_Common.ell_prime_field.xyz_to_pnt_eq(1)	cascade/infra_theory	Algebra_Aux.m_div
EC_Common.ell_field.pdouble_remove_y_eqn(1)	cascade/class_variant	Elliptic_Locale.cring.on_curvep
EC_Common.ell_prime_field.curve_cycle_n1(1)	KEPT
EC_Common.ell_prime_field.curve_cycle_n2(1)	KEPT
EC_Common.ell_prime_field.inv_xyz_to_pnt(1)	KEPT
EC_Common.ell_prime_field.order_n_cycle'(1)	KEPT
EC_Common.ell_prime_field.xy_to_pnt.cong(1)	KEPT
EC_Common.ell_prime_field.xyz_to_pnt_add(1)	KEPT
EC_Common.ell_prime_field.xyz_to_pnt_dbl(1)	cascade/infra_theory	Algebra_Aux.of_integer
EC_Common.ell_prime_field.xyz_to_pnt_def(1)	cascade/infra_theory	Algebra_Aux.m_div
EC_Common.ell_prime_field.xyz_to_pnt_mod(1)	KEPT
EC_Common.ell_prime_field.xyz_to_pnt_z_1(1)	KEPT
EC_Common.field_class.inv_Suc_pow_cancel(1)	cascade/infra_theory	Algebra_Aux.cring_class_ops
EC_Common.field_class.of_integer_numeral(1)	KEPT
EC_Common.field_class.of_natural_nat_pow(1)	KEPT
EC_Common.cring_class.add_eq_iff_eq_minus(1)	cascade/infra_theory	Algebra_Aux.cring_class_ops
EC_Common.ell_prime_field.xy_to_pnt_Point(1)	KEPT
EC_Common.ell_prime_field.xyz_to_pnt.cong(1)	KEPT
EC_Common.ell_prime_field.xyz_to_pnt_padd(1)	cascade/class_variant	Elliptic_Locale.cring.padd
EC_Common.ell_prime_field.xyz_to_pnt_zero(1)	KEPT
EC_Common.residues_prime_gt2.point_add_eq(1)	KEPT
EC_Common.ell_prime_field.in_carrier_curve(1)	KEPT
EC_Common.ell_prime_field.multEqPowInCurve(1)	KEPT
EC_Common.ell_prime_field.xyz_to_pnt_scale(1)	KEPT
EC_Common.residues_prime_gt2.point_mult_eq(1)	KEPT
EC_Common.ell_prime_field.mod_of_in_carrier(1)	KEPT
EC_Common.ell_prime_field.multQmodn'int_neg(1)	KEPT
EC_Common.ell_prime_field.multQmodn'int_pos(1)	KEPT
EC_Common.ell_prime_field.nonsingular_in_bf(1)	KEPT
EC_Common.ell_prime_field.nz_in_carrier_gcd(1)	KEPT
EC_Common.ell_prime_field.xyz_to_pnt_scale'(1)	KEPT
EC_Common.ell_prime_field.xyz_to_pnt_square(1)	cascade/infra_theory	Algebra_Aux.of_integer
EC_Common.ell_prime_field.xyz_to_pnt_zero_z(1)	KEPT
EC_Common.field_class.eq_mult_iff_divide_eq(1)	cascade/infra_theory	Algebra_Aux.cring_class_ops
EC_Common.field_class.mult_eq_iff_eq_divide(1)	cascade/infra_theory	Algebra_Aux.cring_class_ops
EC_Common.field_class.on_curvep_nz_identity(1)	cascade/class_variant	Elliptic_Locale.cring.on_curvep
EC_Common.residues_prime_gt2.add_pnts_eqn_x(1)	cascade/infra_theory	Algebra_Aux.of_integer
EC_Common.residues_prime_gt2.bezout_coeff_1(1)	KEPT
EC_Common.residues_prime_gt2.mmake_proj_def(1)	KEPT
EC_Common.residues_prime_gt2.point_madd_def(1)	KEPT
EC_Common.residues_prime_gt2.to_proj_to_aff(1)	KEPT
EC_Common.ell_prime_field.Point_in_carrierD1(1)	KEPT
EC_Common.ell_prime_field.Point_in_carrierD2(1)	KEPT
EC_Common.ell_prime_field.xy_to_pnt_Infinity(1)	KEPT
EC_Common.residues_prime_gt2.point_madd.cong(1)	KEPT
EC_Common.residues_prime_gt2.point_mmult.cong(1)	KEPT
EC_Common.ell_prime_field.curve_square_is_mult(1)	KEPT
EC_Common.ell_prime_field.y_coord_eq_or_eq_neg(1)	KEPT
EC_Common.residues_prime_gt2.point_mmult.cases(1)	KEPT
EC_Common.residues_prime_gt2.point_mmult.elims(1)	KEPT
EC_Common.residues_prime_gt2.point_mmult.simps(1)	KEPT
EC_Common.residues_prime_gt2.point_mmult.simps(2)	KEPT
EC_Common.ell_prime_field.yz_coord_eq_or_eq_neg(1)	KEPT
EC_Common.residues_prime_gt2.get_coords_correct(1)	KEPT
EC_Common.residues_prime_gt2.point_mmult.induct(1)	KEPT
EC_Common.residues_prime_gt2.point_mmult.pelims(1)	cascade/concealed	EC_Common.residues_prime_gt2.point_mmult_rel
EC_Common.residues_prime_gt2.point_mmult.psimps(1)	concealed
EC_Common.residues_prime_gt2.point_mmult.psimps(2)	concealed
EC_Common.ell_prime_field.Point_Point_eq_one_iff(1)	KEPT
EC_Common.ell_prime_field.xyz_coord_eq_or_eq_neg(1)	KEPT
EC_Common.euclidean_semiring_cancel.mod_pow_cong(1)	cascade/class_infix	Euclidean_Rings.class.euclidean_semiring_cancel
EC_Common.group.pow_dbl_eq_pow_of_prime_ord_gt_2(1)	KEPT
EC_Common.residues_prime_gt2.point_mmult.pinduct(1)	concealed
EC_Common.field.divide_eq_divide_iff_mult_eq_mult(1)	cascade/infra_theory	Algebra_Aux.m_div
EC_Common.residues_prime_gt2.add_eliminate_ys_simp(1)	cascade/infra_theory	Algebra_Aux.of_integer
EC_Common.residues_prime_gt2.point_mmult_rel.cases(1)	concealed
EC_Common.residues_prime_gt2.point_mmult_rel.simps(1)	concealed
EC_Common.residues_prime_gt2.point_mmult_sumC.cong(1)	KEPT
EC_Common.ell_prime_field.xyz_to_pnt_eq_make_affine(1)	cascade/class_variant	Elliptic_Locale.field.make_affine
EC_Common.residues_prime_gt2.point_mmult_graph.cong(1)	concealed
EC_Common.residues_prime_gt2.point_mmult_rel.induct(1)	concealed
EC_Common.residues_prime_gt2.point_mmult_rel.intros(1)	concealed
EC_Common.residues_prime_gt2.point_mmult.termination(1)	concealed
EC_Common.residues_prime_gt2.point_mmult_graph.cases(1)	concealed
EC_Common.residues_prime_gt2.point_mmult_graph.simps(1)	concealed
EC_Common.residues_prime_gt2.point_mmult_rel.inducts(1)	concealed
EC_Common.field.nonzero_mult_divide_mult_cancel_left'(1)	cascade/infra_theory	Algebra_Aux.m_div
EC_Common.residues_prime_gt2.point_mmult_graph.induct(1)	concealed
EC_Common.residues_prime_gt2.point_mmult_graph.intros(1)	concealed
EC_Common.residues_prime_gt2.point_mmult_graph.intros(2)	concealed
EC_Common.INTEG.P.add.pow_dbl_eq_pow_of_prime_ord_gt_2(1)	KEPT
EC_Common.INTEG.R.add.pow_dbl_eq_pow_of_prime_ord_gt_2(1)	KEPT
EC_Common.euclidean_semiring_cancel_class.mod_pow_cong(1)	KEPT
EC_Common.field.nonzero_mult_divide_divide_cancel_left(1)	cascade/infra_theory	Algebra_Aux.m_div
EC_Common.residues_prime_gt2.point_mmult_graph.inducts(1)	concealed
EC_Common.field_class.divide_eq_divide_iff_mult_eq_mult(1)	cascade/infra_theory	Algebra_Aux.cring_class_ops
EC_Common.ell_prime_field.xyz_to_pnt_in_carrier_on_curvep(1)	cascade/class_variant	Elliptic_Locale.cring.on_curvep
EC_Common.cring_class.add.pow_dbl_eq_pow_of_prime_ord_gt_2(1)	cascade/infra_theory	Algebra_Aux.cring_class_ops
EC_Common.field_class.nonzero_mult_divide_mult_cancel_left'(1)	cascade/infra_theory	Algebra_Aux.cring_class_ops
EC_Common.field_class.nonzero_mult_divide_divide_cancel_left(1)	cascade/infra_theory	Algebra_Aux.cring_class_ops
