marked_theory	kind	name
HOL.Extraction	constant	Extraction.sumbool.case_sumbool
HOL.Extraction	constant	Extraction.sumbool.rec_sumbool
HOL.Extraction	constant	Extraction.sumbool.Right
HOL.Extraction	constant	Extraction.sumbool.Left
HOL.Lazy_Sequence	constant	Lazy_Sequence.lazy_sequence.lazy_sequence_of_list
HOL.Lazy_Sequence	constant	Lazy_Sequence.lazy_sequence.case_lazy_sequence
HOL.Lazy_Sequence	constant	Lazy_Sequence.lazy_sequence.rec_lazy_sequence
HOL.Typerep	constant	Typerep.typerep.size_typerep
HOL.Typerep	constant	Typerep.typerep.case_typerep
HOL.Typerep	constant	Typerep.typerep.rec_typerep
HOL.Typerep	constant	Typerep.typerep.Typerep
HOL.Code_Evaluation	constant	Code_Evaluation.term.dummy_term
HOL.Code_Evaluation	constant	Code_Evaluation.term.case_term
HOL.Code_Evaluation	constant	Code_Evaluation.term.rec_term
HOL.Quickcheck_Exhaustive	constant	Quickcheck_Exhaustive.three_valued.case_three_valued
HOL.Quickcheck_Exhaustive	constant	Quickcheck_Exhaustive.three_valued.rec_three_valued
HOL.Quickcheck_Exhaustive	constant	Quickcheck_Exhaustive.three_valued.Unknown_value
HOL.Quickcheck_Exhaustive	constant	Quickcheck_Exhaustive.three_valued.No_value
HOL.Quickcheck_Exhaustive	constant	Quickcheck_Exhaustive.unknown.case_unknown
HOL.Quickcheck_Exhaustive	constant	Quickcheck_Exhaustive.unknown.rec_unknown
HOL.Quickcheck_Exhaustive	constant	Quickcheck_Exhaustive.three_valued.Value
HOL.Quickcheck_Exhaustive	constant	Quickcheck_Exhaustive.unknown.Unknown
HOL.Quickcheck_Exhaustive	constant	Quickcheck_Exhaustive.unknown.Known
HOL.Record	constant	Record.tuple_isomorphism.size_tuple_isomorphism
HOL.Record	constant	Record.tuple_isomorphism.case_tuple_isomorphism
HOL.Record	constant	Record.tuple_isomorphism.rec_tuple_isomorphism
HOL.Record	constant	Record.tuple_isomorphism.Tuple_Isomorphism
HOL.Nitpick	constant	Nitpick.pair_box.case_pair_box
HOL.Nitpick	constant	Nitpick.pair_box.rec_pair_box
HOL.Nitpick	constant	Nitpick.fun_box.case_fun_box
HOL.Nitpick	constant	Nitpick.fun_box.rec_fun_box
HOL.Nitpick	constant	Nitpick.pair_box.PairBox
HOL.Nitpick	constant	Nitpick.word.case_word
HOL.Nitpick	constant	Nitpick.fun_box.FunBox
HOL.Nitpick	constant	Nitpick.word.rec_word
HOL.Nitpick	constant	Nitpick.word.Word
HOL.Quickcheck_Narrowing	constant	Quickcheck_Narrowing.ffun.case_ffun
HOL.Quickcheck_Narrowing	constant	Quickcheck_Narrowing.cfun.case_cfun
HOL.Quickcheck_Narrowing	constant	Quickcheck_Narrowing.ffun.rec_ffun
HOL.Quickcheck_Narrowing	constant	Quickcheck_Narrowing.ffun.Constant
HOL.Quickcheck_Narrowing	constant	Quickcheck_Narrowing.cfun.rec_cfun
HOL.Quickcheck_Narrowing	constant	Quickcheck_Narrowing.cfun.Constant
HOL.Quickcheck_Narrowing	constant	Quickcheck_Narrowing.ffun.Update
HOL-Library.Code_Test	constant	Code_Test.yxml_of_term.case_yxml_of_term
HOL-Library.Code_Test	constant	Code_Test.yxml_of_term.rec_yxml_of_term
HOL-Library.Code_Test	constant	Code_Test.xml_tree.case_xml_tree
HOL-Library.Code_Test	constant	Code_Test.xml_tree.rec_xml_tree
HOL-Library.Code_Test	constant	Code_Test.yxml_of_term.YXML
HOL-Library.Code_Test	constant	Code_Test.xml_tree.XML_Tree
HOL-Decision_Procs.Commutative_Ring	constant	Commutative_Ring.polex.size_polex
HOL-Decision_Procs.Commutative_Ring	constant	Commutative_Ring.polex.case_polex
HOL-Decision_Procs.Commutative_Ring	constant	Commutative_Ring.polex.rec_polex
HOL-Decision_Procs.Commutative_Ring	constant	Commutative_Ring.pol.size_pol
HOL-Decision_Procs.Commutative_Ring	constant	Commutative_Ring.pol.case_pol
HOL-Decision_Procs.Commutative_Ring	constant	Commutative_Ring.mon.size_mon
HOL-Decision_Procs.Commutative_Ring	constant	Commutative_Ring.mon.case_mon
HOL-Decision_Procs.Commutative_Ring	constant	Commutative_Ring.polex.Const
HOL-Decision_Procs.Commutative_Ring	constant	Commutative_Ring.pol.rec_pol
HOL-Decision_Procs.Commutative_Ring	constant	Commutative_Ring.mon.rec_mon
HOL-Decision_Procs.Commutative_Ring	constant	Commutative_Ring.polex.Var
HOL-Decision_Procs.Commutative_Ring	constant	Commutative_Ring.polex.Sub
HOL-Decision_Procs.Commutative_Ring	constant	Commutative_Ring.polex.Pow
HOL-Decision_Procs.Commutative_Ring	constant	Commutative_Ring.polex.Neg
HOL-Decision_Procs.Commutative_Ring	constant	Commutative_Ring.polex.Mul
HOL-Decision_Procs.Commutative_Ring	constant	Commutative_Ring.polex.Add
HOL-Decision_Procs.Commutative_Ring	constant	Commutative_Ring.pol.Pinj
HOL-Decision_Procs.Commutative_Ring	constant	Commutative_Ring.mon.Minj
HOL-Decision_Procs.Commutative_Ring	constant	Commutative_Ring.pol.Pc
HOL-Decision_Procs.Commutative_Ring	constant	Commutative_Ring.pol.PX
HOL-Decision_Procs.Commutative_Ring	constant	Commutative_Ring.mon.Mc
HOL-Decision_Procs.Commutative_Ring	constant	Commutative_Ring.mon.MX
HOL-Decision_Procs.Reflective_Field	constant	Reflective_Field.pexpr2.size_pexpr2
HOL-Decision_Procs.Reflective_Field	constant	Reflective_Field.pexpr2.case_pexpr2
HOL-Decision_Procs.Reflective_Field	constant	Reflective_Field.pexpr1.size_pexpr1
HOL-Decision_Procs.Reflective_Field	constant	Reflective_Field.pexpr1.case_pexpr1
HOL-Decision_Procs.Reflective_Field	constant	Reflective_Field.pexpr2.rec_pexpr2
HOL-Decision_Procs.Reflective_Field	constant	Reflective_Field.pexpr1.rec_pexpr1
HOL-Decision_Procs.Reflective_Field	constant	Reflective_Field.pexpr.size_pexpr
HOL-Decision_Procs.Reflective_Field	constant	Reflective_Field.pexpr.case_pexpr
HOL-Decision_Procs.Reflective_Field	constant	Reflective_Field.fexpr.size_fexpr
HOL-Decision_Procs.Reflective_Field	constant	Reflective_Field.fexpr.case_fexpr
HOL-Decision_Procs.Reflective_Field	constant	Reflective_Field.pexpr.rec_pexpr
HOL-Decision_Procs.Reflective_Field	constant	Reflective_Field.fexpr.rec_fexpr
HOL-Decision_Procs.Reflective_Field	constant	Reflective_Field.pexpr1.PCnst
HOL-Decision_Procs.Reflective_Field	constant	Reflective_Field.pexpr.PExpr2
HOL-Decision_Procs.Reflective_Field	constant	Reflective_Field.pexpr.PExpr1
HOL-Decision_Procs.Reflective_Field	constant	Reflective_Field.pexpr2.PPow
HOL-Decision_Procs.Reflective_Field	constant	Reflective_Field.pexpr2.PMul
HOL-Decision_Procs.Reflective_Field	constant	Reflective_Field.pexpr1.PVar
HOL-Decision_Procs.Reflective_Field	constant	Reflective_Field.pexpr1.PSub
HOL-Decision_Procs.Reflective_Field	constant	Reflective_Field.pexpr1.PNeg
HOL-Decision_Procs.Reflective_Field	constant	Reflective_Field.pexpr1.PAdd
HOL-Decision_Procs.Reflective_Field	constant	Reflective_Field.fexpr.FCnst
HOL-Decision_Procs.Reflective_Field	constant	Reflective_Field.fexpr.FVar
HOL-Decision_Procs.Reflective_Field	constant	Reflective_Field.fexpr.FSub
HOL-Decision_Procs.Reflective_Field	constant	Reflective_Field.fexpr.FPow
HOL-Decision_Procs.Reflective_Field	constant	Reflective_Field.fexpr.FNeg
HOL-Decision_Procs.Reflective_Field	constant	Reflective_Field.fexpr.FMul
HOL-Decision_Procs.Reflective_Field	constant	Reflective_Field.fexpr.FDiv
HOL-Decision_Procs.Reflective_Field	constant	Reflective_Field.fexpr.FAdd
HOL-Decision_Procs.Cooper	constant	Cooper.num.case_num
HOL-Decision_Procs.Cooper	constant	Cooper.num.rec_num
HOL-Decision_Procs.Cooper	constant	Cooper.fm.case_fm
HOL-Decision_Procs.Cooper	constant	Cooper.fm.NClosed
HOL-Decision_Procs.Cooper	constant	Cooper.num.Bound
HOL-Decision_Procs.Cooper	constant	Cooper.fm.rec_fm
HOL-Decision_Procs.Cooper	constant	Cooper.fm.Closed
HOL-Decision_Procs.Cooper	constant	Cooper.num.Sub
HOL-Decision_Procs.Cooper	constant	Cooper.num.Neg
HOL-Decision_Procs.Cooper	constant	Cooper.num.Mul
HOL-Decision_Procs.Cooper	constant	Cooper.num.Add
HOL-Decision_Procs.Cooper	constant	Cooper.fm.NDvd
HOL-Decision_Procs.Cooper	constant	Cooper.num.CN
HOL-Decision_Procs.Cooper	constant	Cooper.fm.Not
HOL-Decision_Procs.Cooper	constant	Cooper.fm.NEq
HOL-Decision_Procs.Cooper	constant	Cooper.fm.Imp
HOL-Decision_Procs.Cooper	constant	Cooper.fm.Iff
HOL-Decision_Procs.Cooper	constant	Cooper.fm.Dvd
HOL-Decision_Procs.Cooper	constant	Cooper.fm.And
HOL-Decision_Procs.Cooper	constant	Cooper.num.C
HOL-Decision_Procs.Cooper	constant	Cooper.fm.Or
HOL-Decision_Procs.Cooper	constant	Cooper.fm.Lt
HOL-Decision_Procs.Cooper	constant	Cooper.fm.Le
HOL-Decision_Procs.Cooper	constant	Cooper.fm.Gt
HOL-Decision_Procs.Cooper	constant	Cooper.fm.Ge
HOL-Decision_Procs.Cooper	constant	Cooper.fm.Eq
HOL-Decision_Procs.Cooper	constant	Cooper.fm.T
HOL-Decision_Procs.Cooper	constant	Cooper.fm.F
HOL-Decision_Procs.Cooper	constant	Cooper.fm.E
HOL-Decision_Procs.Cooper	constant	Cooper.fm.A
HOL-Decision_Procs.Ferrack	constant	Ferrack.num.case_num
HOL-Decision_Procs.Ferrack	constant	Ferrack.num.rec_num
HOL-Decision_Procs.Ferrack	constant	Ferrack.fm.case_fm
HOL-Decision_Procs.Ferrack	constant	Ferrack.num.Bound
HOL-Decision_Procs.Ferrack	constant	Ferrack.fm.rec_fm
HOL-Decision_Procs.Ferrack	constant	Ferrack.num.Sub
HOL-Decision_Procs.Ferrack	constant	Ferrack.num.Neg
HOL-Decision_Procs.Ferrack	constant	Ferrack.num.Mul
HOL-Decision_Procs.Ferrack	constant	Ferrack.num.Add
HOL-Decision_Procs.Ferrack	constant	Ferrack.num.CN
HOL-Decision_Procs.Ferrack	constant	Ferrack.fm.Not
HOL-Decision_Procs.Ferrack	constant	Ferrack.fm.NEq
HOL-Decision_Procs.Ferrack	constant	Ferrack.fm.Imp
HOL-Decision_Procs.Ferrack	constant	Ferrack.fm.Iff
HOL-Decision_Procs.Ferrack	constant	Ferrack.fm.And
HOL-Decision_Procs.Ferrack	constant	Ferrack.num.C
HOL-Decision_Procs.Ferrack	constant	Ferrack.fm.Or
HOL-Decision_Procs.Ferrack	constant	Ferrack.fm.Lt
HOL-Decision_Procs.Ferrack	constant	Ferrack.fm.Le
HOL-Decision_Procs.Ferrack	constant	Ferrack.fm.Gt
HOL-Decision_Procs.Ferrack	constant	Ferrack.fm.Ge
HOL-Decision_Procs.Ferrack	constant	Ferrack.fm.Eq
HOL-Decision_Procs.Ferrack	constant	Ferrack.fm.T
HOL-Decision_Procs.Ferrack	constant	Ferrack.fm.F
HOL-Decision_Procs.Ferrack	constant	Ferrack.fm.E
HOL-Decision_Procs.Ferrack	constant	Ferrack.fm.A
HOL-Decision_Procs.MIR	constant	MIR.num.case_num
HOL-Decision_Procs.MIR	constant	MIR.num.rec_num
HOL-Decision_Procs.MIR	constant	MIR.fm.case_fm
HOL-Decision_Procs.MIR	constant	MIR.num.Floor
HOL-Decision_Procs.MIR	constant	MIR.num.Bound
HOL-Decision_Procs.MIR	constant	MIR.fm.rec_fm
HOL-Decision_Procs.MIR	constant	MIR.num.Sub
HOL-Decision_Procs.MIR	constant	MIR.num.Neg
HOL-Decision_Procs.MIR	constant	MIR.num.Mul
HOL-Decision_Procs.MIR	constant	MIR.num.Add
HOL-Decision_Procs.MIR	constant	MIR.fm.NDvd
HOL-Decision_Procs.MIR	constant	MIR.num.CN
HOL-Decision_Procs.MIR	constant	MIR.num.CF
HOL-Decision_Procs.MIR	constant	MIR.fm.Not
HOL-Decision_Procs.MIR	constant	MIR.fm.NEq
HOL-Decision_Procs.MIR	constant	MIR.fm.Imp
HOL-Decision_Procs.MIR	constant	MIR.fm.Iff
HOL-Decision_Procs.MIR	constant	MIR.fm.Dvd
HOL-Decision_Procs.MIR	constant	MIR.fm.And
HOL-Decision_Procs.MIR	constant	MIR.num.C
HOL-Decision_Procs.MIR	constant	MIR.fm.Or
HOL-Decision_Procs.MIR	constant	MIR.fm.Lt
HOL-Decision_Procs.MIR	constant	MIR.fm.Le
HOL-Decision_Procs.MIR	constant	MIR.fm.Gt
HOL-Decision_Procs.MIR	constant	MIR.fm.Ge
HOL-Decision_Procs.MIR	constant	MIR.fm.Eq
HOL-Decision_Procs.MIR	constant	MIR.fm.T
HOL-Decision_Procs.MIR	constant	MIR.fm.F
HOL-Decision_Procs.MIR	constant	MIR.fm.E
HOL-Decision_Procs.MIR	constant	MIR.fm.A
HOL-Decision_Procs.Reflected_Multivariate_Polynomial	constant	Reflected_Multivariate_Polynomial.poly.size_poly
HOL-Decision_Procs.Reflected_Multivariate_Polynomial	constant	Reflected_Multivariate_Polynomial.poly.case_poly
HOL-Decision_Procs.Reflected_Multivariate_Polynomial	constant	Reflected_Multivariate_Polynomial.poly.rec_poly
HOL-Decision_Procs.Reflected_Multivariate_Polynomial	constant	Reflected_Multivariate_Polynomial.poly.Bound
HOL-Decision_Procs.Reflected_Multivariate_Polynomial	constant	Reflected_Multivariate_Polynomial.poly.Sub
HOL-Decision_Procs.Reflected_Multivariate_Polynomial	constant	Reflected_Multivariate_Polynomial.poly.Neg
HOL-Decision_Procs.Reflected_Multivariate_Polynomial	constant	Reflected_Multivariate_Polynomial.poly.Mul
HOL-Decision_Procs.Reflected_Multivariate_Polynomial	constant	Reflected_Multivariate_Polynomial.poly.Add
HOL-Decision_Procs.Reflected_Multivariate_Polynomial	constant	Reflected_Multivariate_Polynomial.poly.Pw
HOL-Decision_Procs.Reflected_Multivariate_Polynomial	constant	Reflected_Multivariate_Polynomial.poly.CN
HOL-Decision_Procs.Reflected_Multivariate_Polynomial	constant	Reflected_Multivariate_Polynomial.poly.C
HOL-Decision_Procs.Parametric_Ferrante_Rackoff	constant	Parametric_Ferrante_Rackoff.tm.case_tm
HOL-Decision_Procs.Parametric_Ferrante_Rackoff	constant	Parametric_Ferrante_Rackoff.fm.case_fm
HOL-Decision_Procs.Parametric_Ferrante_Rackoff	constant	Parametric_Ferrante_Rackoff.tm.rec_tm
HOL-Decision_Procs.Parametric_Ferrante_Rackoff	constant	Parametric_Ferrante_Rackoff.fm.rec_fm
HOL-Decision_Procs.Parametric_Ferrante_Rackoff	constant	Parametric_Ferrante_Rackoff.tm.Bound
HOL-Decision_Procs.Parametric_Ferrante_Rackoff	constant	Parametric_Ferrante_Rackoff.tm.Sub
HOL-Decision_Procs.Parametric_Ferrante_Rackoff	constant	Parametric_Ferrante_Rackoff.tm.Neg
HOL-Decision_Procs.Parametric_Ferrante_Rackoff	constant	Parametric_Ferrante_Rackoff.tm.Mul
HOL-Decision_Procs.Parametric_Ferrante_Rackoff	constant	Parametric_Ferrante_Rackoff.tm.CNP
HOL-Decision_Procs.Parametric_Ferrante_Rackoff	constant	Parametric_Ferrante_Rackoff.tm.Add
HOL-Decision_Procs.Parametric_Ferrante_Rackoff	constant	Parametric_Ferrante_Rackoff.fm.Not
HOL-Decision_Procs.Parametric_Ferrante_Rackoff	constant	Parametric_Ferrante_Rackoff.fm.NEq
HOL-Decision_Procs.Parametric_Ferrante_Rackoff	constant	Parametric_Ferrante_Rackoff.fm.Imp
HOL-Decision_Procs.Parametric_Ferrante_Rackoff	constant	Parametric_Ferrante_Rackoff.fm.Iff
HOL-Decision_Procs.Parametric_Ferrante_Rackoff	constant	Parametric_Ferrante_Rackoff.fm.And
HOL-Decision_Procs.Parametric_Ferrante_Rackoff	constant	Parametric_Ferrante_Rackoff.tm.CP
HOL-Decision_Procs.Parametric_Ferrante_Rackoff	constant	Parametric_Ferrante_Rackoff.fm.Or
HOL-Decision_Procs.Parametric_Ferrante_Rackoff	constant	Parametric_Ferrante_Rackoff.fm.Lt
HOL-Decision_Procs.Parametric_Ferrante_Rackoff	constant	Parametric_Ferrante_Rackoff.fm.Le
HOL-Decision_Procs.Parametric_Ferrante_Rackoff	constant	Parametric_Ferrante_Rackoff.fm.Eq
HOL-Decision_Procs.Parametric_Ferrante_Rackoff	constant	Parametric_Ferrante_Rackoff.fm.T
HOL-Decision_Procs.Parametric_Ferrante_Rackoff	constant	Parametric_Ferrante_Rackoff.fm.F
HOL-Decision_Procs.Parametric_Ferrante_Rackoff	constant	Parametric_Ferrante_Rackoff.fm.E
HOL-Decision_Procs.Parametric_Ferrante_Rackoff	constant	Parametric_Ferrante_Rackoff.fm.A
HOL-Real_Asymp.Lazy_Eval	constant	Lazy_Eval.cmp_result.size_cmp_result
HOL-Real_Asymp.Lazy_Eval	constant	Lazy_Eval.cmp_result.case_cmp_result
HOL-Real_Asymp.Lazy_Eval	constant	Lazy_Eval.cmp_result.rec_cmp_result
HOL-Real_Asymp.Lazy_Eval	constant	Lazy_Eval.cmp_result.LT
HOL-Real_Asymp.Lazy_Eval	constant	Lazy_Eval.cmp_result.GT
HOL-Real_Asymp.Lazy_Eval	constant	Lazy_Eval.cmp_result.EQ
HOL-Real_Asymp.Multiseries_Expansion	constant	Multiseries_Expansion.msstream.corec_msstream
HOL-Real_Asymp.Multiseries_Expansion	constant	Multiseries_Expansion.msstream.pred_msstream
HOL-Real_Asymp.Multiseries_Expansion	constant	Multiseries_Expansion.msstream.case_msstream
HOL-Real_Asymp.Multiseries_Expansion	constant	Multiseries_Expansion.msstream.set_msstream
HOL-Real_Asymp.Multiseries_Expansion	constant	Multiseries_Expansion.msstream.rel_msstream
HOL-Real_Asymp.Multiseries_Expansion	constant	Multiseries_Expansion.msstream.map_msstream
HOL-Real_Asymp.Multiseries_Expansion	constant	Multiseries_Expansion.msllist.corec_msllist
HOL-Real_Asymp.Multiseries_Expansion	constant	Multiseries_Expansion.msstream.un_MSSCons2
HOL-Real_Asymp.Multiseries_Expansion	constant	Multiseries_Expansion.msstream.un_MSSCons1
HOL-Real_Asymp.Multiseries_Expansion	constant	Multiseries_Expansion.msllist.pred_msllist
HOL-Real_Asymp.Multiseries_Expansion	constant	Multiseries_Expansion.msllist.case_msllist
HOL-Real_Asymp.Multiseries_Expansion	constant	Multiseries_Expansion.msllist.un_MSLCons2
HOL-Real_Asymp.Multiseries_Expansion	constant	Multiseries_Expansion.msllist.un_MSLCons1
HOL-Real_Asymp.Multiseries_Expansion	constant	Multiseries_Expansion.msllist.set_msllist
HOL-Real_Asymp.Multiseries_Expansion	constant	Multiseries_Expansion.msllist.rel_msllist
HOL-Real_Asymp.Multiseries_Expansion	constant	Multiseries_Expansion.msstream.MSSCons
HOL-Real_Asymp.Multiseries_Expansion	constant	Multiseries_Expansion.msllist.MSLCons
HOL-Real_Asymp.Multiseries_Expansion	constant	Multiseries_Expansion.msllist.mslmap
HOL-Real_Asymp.Multiseries_Expansion	constant	Multiseries_Expansion.msllist.MSLNil
HOL-Real_Asymp.Multiseries_Expansion	constant	Multiseries_Expansion.ms.size_ms
HOL-Real_Asymp.Multiseries_Expansion	constant	Multiseries_Expansion.ms.pred_ms
HOL-Real_Asymp.Multiseries_Expansion	constant	Multiseries_Expansion.ms.case_ms
HOL-Real_Asymp.Multiseries_Expansion	constant	Multiseries_Expansion.ms.set_ms
HOL-Real_Asymp.Multiseries_Expansion	constant	Multiseries_Expansion.ms.rel_ms
HOL-Real_Asymp.Multiseries_Expansion	constant	Multiseries_Expansion.ms.rec_ms
HOL-Real_Asymp.Multiseries_Expansion	constant	Multiseries_Expansion.ms.map_ms
HOL-Real_Asymp.Multiseries_Expansion	constant	Multiseries_Expansion.ms.MS
