theory	surviving_entity_kind	name
Commutative_Ring	constant	Commutative_Ring.pol.Pc
Commutative_Ring	constant	Commutative_Ring.pol.Pinj
Commutative_Ring	constant	Commutative_Ring.pol.PX
Commutative_Ring	constant	Commutative_Ring.pol.case_pol
Commutative_Ring	constant	Commutative_Ring.pol.rec_pol
Commutative_Ring	constant	Commutative_Ring.pol.size_pol
Commutative_Ring	constant	Commutative_Ring.polex.Var
Commutative_Ring	constant	Commutative_Ring.polex.Const
Commutative_Ring	constant	Commutative_Ring.polex.Add
Commutative_Ring	constant	Commutative_Ring.polex.Sub
Commutative_Ring	constant	Commutative_Ring.polex.Mul
Commutative_Ring	constant	Commutative_Ring.polex.Pow
Commutative_Ring	constant	Commutative_Ring.polex.Neg
Commutative_Ring	constant	Commutative_Ring.polex.case_polex
Commutative_Ring	constant	Commutative_Ring.polex.rec_polex
Commutative_Ring	constant	Commutative_Ring.polex.size_polex
Commutative_Ring	constant	Commutative_Ring.mon.Mc
Commutative_Ring	constant	Commutative_Ring.mon.Minj
Commutative_Ring	constant	Commutative_Ring.mon.MX
Commutative_Ring	constant	Commutative_Ring.mon.case_mon
Commutative_Ring	constant	Commutative_Ring.mon.rec_mon
Commutative_Ring	constant	Commutative_Ring.mon.size_mon
Commutative_Ring	method	Commutative_Ring.ring
Reflective_Field	constant	Reflective_Field.fexpr.FCnst
Reflective_Field	constant	Reflective_Field.fexpr.FVar
Reflective_Field	constant	Reflective_Field.fexpr.FAdd
Reflective_Field	constant	Reflective_Field.fexpr.FSub
Reflective_Field	constant	Reflective_Field.fexpr.FMul
Reflective_Field	constant	Reflective_Field.fexpr.FNeg
Reflective_Field	constant	Reflective_Field.fexpr.FDiv
Reflective_Field	constant	Reflective_Field.fexpr.FPow
Reflective_Field	constant	Reflective_Field.fexpr.case_fexpr
Reflective_Field	constant	Reflective_Field.fexpr.rec_fexpr
Reflective_Field	constant	Reflective_Field.fexpr.size_fexpr
Reflective_Field	constant	Reflective_Field.pexpr.PExpr1
Reflective_Field	constant	Reflective_Field.pexpr.PExpr2
Reflective_Field	constant	Reflective_Field.pexpr1.PCnst
Reflective_Field	constant	Reflective_Field.pexpr1.PVar
Reflective_Field	constant	Reflective_Field.pexpr1.PAdd
Reflective_Field	constant	Reflective_Field.pexpr1.PSub
Reflective_Field	constant	Reflective_Field.pexpr1.PNeg
Reflective_Field	constant	Reflective_Field.pexpr2.PMul
Reflective_Field	constant	Reflective_Field.pexpr2.PPow
Reflective_Field	constant	Reflective_Field.pexpr.case_pexpr
Reflective_Field	constant	Reflective_Field.pexpr.rec_pexpr
Reflective_Field	constant	Reflective_Field.pexpr1.case_pexpr1
Reflective_Field	constant	Reflective_Field.pexpr1.rec_pexpr1
Reflective_Field	constant	Reflective_Field.pexpr2.case_pexpr2
Reflective_Field	constant	Reflective_Field.pexpr2.rec_pexpr2
Reflective_Field	constant	Reflective_Field.pexpr.size_pexpr
Reflective_Field	constant	Reflective_Field.pexpr1.size_pexpr1
Reflective_Field	constant	Reflective_Field.pexpr2.size_pexpr2
Reflective_Field	method	Reflective_Field.field
Cooper	constant	Cooper.num.C
Cooper	constant	Cooper.num.Bound
Cooper	constant	Cooper.num.CN
Cooper	constant	Cooper.num.Neg
Cooper	constant	Cooper.num.Add
Cooper	constant	Cooper.num.Sub
Cooper	constant	Cooper.num.Mul
Cooper	constant	Cooper.num.case_num
Cooper	constant	Cooper.num.rec_num
Cooper	constant	Cooper.fm.T
Cooper	constant	Cooper.fm.F
Cooper	constant	Cooper.fm.Lt
Cooper	constant	Cooper.fm.Le
Cooper	constant	Cooper.fm.Gt
Cooper	constant	Cooper.fm.Ge
Cooper	constant	Cooper.fm.Eq
Cooper	constant	Cooper.fm.NEq
Cooper	constant	Cooper.fm.Dvd
Cooper	constant	Cooper.fm.NDvd
Cooper	constant	Cooper.fm.Not
Cooper	constant	Cooper.fm.And
Cooper	constant	Cooper.fm.Or
Cooper	constant	Cooper.fm.Imp
Cooper	constant	Cooper.fm.Iff
Cooper	constant	Cooper.fm.E
Cooper	constant	Cooper.fm.A
Cooper	constant	Cooper.fm.Closed
Cooper	constant	Cooper.fm.NClosed
Cooper	constant	Cooper.fm.case_fm
Cooper	constant	Cooper.fm.rec_fm
Cooper	method	Cooper.cooper
Ferrack	constant	Ferrack.num.C
Ferrack	constant	Ferrack.num.Bound
Ferrack	constant	Ferrack.num.CN
Ferrack	constant	Ferrack.num.Neg
Ferrack	constant	Ferrack.num.Add
Ferrack	constant	Ferrack.num.Sub
Ferrack	constant	Ferrack.num.Mul
Ferrack	constant	Ferrack.num.case_num
Ferrack	constant	Ferrack.num.rec_num
Ferrack	constant	Ferrack.fm.T
Ferrack	constant	Ferrack.fm.F
Ferrack	constant	Ferrack.fm.Lt
Ferrack	constant	Ferrack.fm.Le
Ferrack	constant	Ferrack.fm.Gt
Ferrack	constant	Ferrack.fm.Ge
Ferrack	constant	Ferrack.fm.Eq
Ferrack	constant	Ferrack.fm.NEq
Ferrack	constant	Ferrack.fm.Not
Ferrack	constant	Ferrack.fm.And
Ferrack	constant	Ferrack.fm.Or
Ferrack	constant	Ferrack.fm.Imp
Ferrack	constant	Ferrack.fm.Iff
Ferrack	constant	Ferrack.fm.E
Ferrack	constant	Ferrack.fm.A
Ferrack	constant	Ferrack.fm.case_fm
Ferrack	constant	Ferrack.fm.rec_fm
Ferrack	method	Ferrack.rferrack
MIR	constant	MIR.num.C
MIR	constant	MIR.num.Bound
MIR	constant	MIR.num.CN
MIR	constant	MIR.num.Neg
MIR	constant	MIR.num.Add
MIR	constant	MIR.num.Sub
MIR	constant	MIR.num.Mul
MIR	constant	MIR.num.Floor
MIR	constant	MIR.num.CF
MIR	constant	MIR.num.case_num
MIR	constant	MIR.num.rec_num
MIR	constant	MIR.fm.T
MIR	constant	MIR.fm.F
MIR	constant	MIR.fm.Lt
MIR	constant	MIR.fm.Le
MIR	constant	MIR.fm.Gt
MIR	constant	MIR.fm.Ge
MIR	constant	MIR.fm.Eq
MIR	constant	MIR.fm.NEq
MIR	constant	MIR.fm.Dvd
MIR	constant	MIR.fm.NDvd
MIR	constant	MIR.fm.Not
MIR	constant	MIR.fm.And
MIR	constant	MIR.fm.Or
MIR	constant	MIR.fm.Imp
MIR	constant	MIR.fm.Iff
MIR	constant	MIR.fm.E
MIR	constant	MIR.fm.A
MIR	constant	MIR.fm.case_fm
MIR	constant	MIR.fm.rec_fm
MIR	method	MIR.mir
Reflected_Multivariate_Polynomial	constant	Reflected_Multivariate_Polynomial.poly.C
Reflected_Multivariate_Polynomial	constant	Reflected_Multivariate_Polynomial.poly.Bound
Reflected_Multivariate_Polynomial	constant	Reflected_Multivariate_Polynomial.poly.Add
Reflected_Multivariate_Polynomial	constant	Reflected_Multivariate_Polynomial.poly.Sub
Reflected_Multivariate_Polynomial	constant	Reflected_Multivariate_Polynomial.poly.Mul
Reflected_Multivariate_Polynomial	constant	Reflected_Multivariate_Polynomial.poly.Neg
Reflected_Multivariate_Polynomial	constant	Reflected_Multivariate_Polynomial.poly.Pw
Reflected_Multivariate_Polynomial	constant	Reflected_Multivariate_Polynomial.poly.CN
Reflected_Multivariate_Polynomial	constant	Reflected_Multivariate_Polynomial.poly.case_poly
Reflected_Multivariate_Polynomial	constant	Reflected_Multivariate_Polynomial.poly.rec_poly
Reflected_Multivariate_Polynomial	constant	Reflected_Multivariate_Polynomial.poly.size_poly
Dense_Linear_Order	method	Dense_Linear_Order.dlo
Dense_Linear_Order	method	Dense_Linear_Order.ferrack
Parametric_Ferrante_Rackoff	constant	Parametric_Ferrante_Rackoff.tm.CP
Parametric_Ferrante_Rackoff	constant	Parametric_Ferrante_Rackoff.tm.Bound
Parametric_Ferrante_Rackoff	constant	Parametric_Ferrante_Rackoff.tm.Add
Parametric_Ferrante_Rackoff	constant	Parametric_Ferrante_Rackoff.tm.Mul
Parametric_Ferrante_Rackoff	constant	Parametric_Ferrante_Rackoff.tm.Neg
Parametric_Ferrante_Rackoff	constant	Parametric_Ferrante_Rackoff.tm.Sub
Parametric_Ferrante_Rackoff	constant	Parametric_Ferrante_Rackoff.tm.CNP
Parametric_Ferrante_Rackoff	constant	Parametric_Ferrante_Rackoff.tm.case_tm
Parametric_Ferrante_Rackoff	constant	Parametric_Ferrante_Rackoff.tm.rec_tm
Parametric_Ferrante_Rackoff	constant	Parametric_Ferrante_Rackoff.fm.T
Parametric_Ferrante_Rackoff	constant	Parametric_Ferrante_Rackoff.fm.F
Parametric_Ferrante_Rackoff	constant	Parametric_Ferrante_Rackoff.fm.Le
Parametric_Ferrante_Rackoff	constant	Parametric_Ferrante_Rackoff.fm.Lt
Parametric_Ferrante_Rackoff	constant	Parametric_Ferrante_Rackoff.fm.Eq
Parametric_Ferrante_Rackoff	constant	Parametric_Ferrante_Rackoff.fm.NEq
Parametric_Ferrante_Rackoff	constant	Parametric_Ferrante_Rackoff.fm.Not
Parametric_Ferrante_Rackoff	constant	Parametric_Ferrante_Rackoff.fm.And
Parametric_Ferrante_Rackoff	constant	Parametric_Ferrante_Rackoff.fm.Or
Parametric_Ferrante_Rackoff	constant	Parametric_Ferrante_Rackoff.fm.Imp
Parametric_Ferrante_Rackoff	constant	Parametric_Ferrante_Rackoff.fm.Iff
Parametric_Ferrante_Rackoff	constant	Parametric_Ferrante_Rackoff.fm.E
Parametric_Ferrante_Rackoff	constant	Parametric_Ferrante_Rackoff.fm.A
Parametric_Ferrante_Rackoff	constant	Parametric_Ferrante_Rackoff.fm.case_fm
Parametric_Ferrante_Rackoff	constant	Parametric_Ferrante_Rackoff.fm.rec_fm
Parametric_Ferrante_Rackoff	method	Parametric_Ferrante_Rackoff.frpar
Parametric_Ferrante_Rackoff	method	Parametric_Ferrante_Rackoff.frpar2
